Time,Symbol,Price,Quantity,Type,Status,Value,Tag
2023-01-18T15:00:00Z,INTC  230210P00026000,0,-1,,Canceled,0,"Entry timeout" 
2023-01-18T15:00:00Z,INTC  230210C00033000,0,-1,,Canceled,0,"Entry timeout" 
2023-01-18T15:00:00Z,WMT   230210P00137000,0.63,-2,,Filled,-1.26,"VH|D=230118|T=WMT|S=SPUT|N=2|EV=7|R=-16|W=-40|C=202|P=0.73|A=1.00|RK=1726" 
2023-01-25T15:00:00Z,SPY   230217P00388000,0,-1,,Canceled,0,"Entry timeout" 
2023-01-25T15:00:00Z,KO    230217P00057000,0,-2,,Canceled,0,"Entry timeout" 
2023-01-27T15:00:00Z,INTC  230217P00025000,0.22,-2,,Filled,-0.44,"VH|D=230127|T=INTC|S=SPUT|N=2|EV=3|R=-9|W=-21|C=48|P=0.65|A=1.00|RK=330" 
2023-01-27T15:00:00Z,XOM   230217P00109000,0,-2,,Canceled,0,"Entry timeout" 
2023-01-31T20:15:00Z,WMT   230210P00137000,0.36,2,,Filled,0.72,"VX|D=230118|T=WMT|R=FC|G=52|B=3454|W=-186|K=9|E=10|M=0.00" 
2023-01-31T20:15:00Z,INTC  230217P00025000,0,2,,Canceled,0,"Advance exit from LIMIT_NATURAL" 
2023-01-31T20:19:00Z,INTC  230217P00025000,0.13,2,Market,Filled,0.26,"VX|D=230127|T=INTC|R=FC|G=18|B=661|W=12|K=2|E=17|M=0.00" 
